검증,모델,그룹,n,위험군,기준선,PR-AUC,PR-AUC 배수,ROC-AUC,Recall@5%,Lift@5%,Recall@10%,Lift@10%,Recall@20%,Lift@20%,PR-AUC 반복 표준편차,PR-AUC CI하한,PR-AUC CI상한
R1 랜덤 5-fold (같은 지역),"HGB(튜닝, 중첩검증)",전체,55069,2175,0.03949590513719153,0.36415844502036937,9.220156969575504,0.8690589057823592,0.45762452107279694,9.153986469654141,0.6090421455938697,6.090310861759363,0.7517241379310345,3.7585524379629685,0.003596685914310196,0.34265353548316985,0.38046020937703856
R1 랜덤 5-fold (같은 지역),"HGB(튜닝, 중첩검증)",공식점검,12064,1356,0.11240053050397876,0.48774977939731534,4.339390367735407,0.844733398952951,0.27630285152409045,5.527889885218287,0.46705998033431656,4.6721489243393,0.6642084562438545,3.320767018701144,0.0025802288290052455,0.4640747264439114,0.5164062642824542
R1 랜덤 5-fold (같은 지역),"HGB(튜닝, 중첩검증)",자율점검,43005,819,0.01904429717474712,0.1185889174001455,6.22700414260471,0.8130432641644892,0.3447293447293447,6.895388590737428,0.4912494912494913,4.913066132833575,0.652014652014652,3.2600732600732605,0.006813105568764576,0.09406963026503298,0.12712116931165485
R1 랜덤 5-fold (같은 지역),업종(ftype) 위험률,전체,55069,2175,0.03949590513719153,0.15089798371169214,3.820598190813412,0.7520872656902035,0.2789272030651341,5.579455919213174,0.42727969348659006,4.272719346397862,0.5737931034482758,2.8689134205368716,0.00036016006706968704,0.13872588208215827,0.16092516357791903
R1 랜덤 5-fold (같은 지역),업종(ftype) 위험률,공식점검,12064,1356,0.11240053050397876,0.20573517881680461,1.8303755141931646,0.6765555228651218,0.11627335299901671,2.326238359171041,0.22025565388397247,2.2032870716884276,0.3974926253687316,1.98729839720198,0.0005799006257206348,0.19129461493803152,0.22116832415264132
R1 랜덤 5-fold (같은 지역),업종(ftype) 위험률,자율점검,43005,819,0.01904429717474712,0.024530518390313647,1.2880768539382643,0.5735727282211899,0.06308506308506308,1.2618479711502968,0.15221815221815224,1.5223585200329388,0.29385429385429385,1.4692714692714695,0.0003718556897522852,0.02154428545487516,0.02663531822861751
R1 랜덤 5-fold (같은 지역),로지스틱(balanced),전체,55069,2175,0.03949590513719153,0.2528831067767225,6.402767727396473,0.8536649674683714,0.36842911877394635,7.369786829554104,0.5449808429118774,5.449709467643757,0.735632183908046,3.678094128893425,0.0017764865934284742,0.23272951421588745,0.270319514481153
R1 랜덤 5-fold (같은 지역),로지스틱(balanced),공식점검,12064,1356,0.11240053050397876,0.32024194272874884,2.849114157138367,0.7802453545608113,0.18805309734513273,3.7623093969679626,0.3431661750245821,3.4327999465145598,0.5290068829891839,2.644815182918158,0.002147690168681332,0.3056854788539407,0.34331309609956
R1 랜덤 5-fold (같은 지역),로지스틱(balanced),자율점검,43005,819,0.01904429717474712,0.11854586789512046,6.224743649364659,0.8008270580925015,0.3483923483923484,6.968657182610671,0.4924704924704925,4.925277564812449,0.6284086284086284,3.1420431420431423,0.0014722915085835719,0.10166695016100191,0.1381643699535627
R1 랜덤 5-fold (같은 지역),랜덤포레스트,전체,55069,2175,0.03949590513719153,0.28035465657170855,7.098322107010307,0.8547310974149557,0.39448275862068966,7.89094480003006,0.5705747126436782,5.705643517445925,0.7259770114942529,3.629819143451699,0.0,0.2619272053283589,0.29774049208753267
R1 랜덤 5-fold (같은 지역),랜덤포레스트,공식점검,12064,1356,0.11240053050397877,0.3694051255851425,3.2865069580082293,0.8120231765074055,0.22861356932153393,4.5737878943532095,0.35988200589970504,3.600013697490913,0.5759587020648967,2.8795548204355224,0.0,0.3467150830681491,0.3969240969445441
R1 랜덤 5-fold (같은 지역),랜덤포레스트,자율점검,43005,819,0.01904429717474712,0.10509115586274814,5.518248056016464,0.795548647952289,0.32112332112332115,6.42321322088764,0.4468864468864469,4.469384104267825,0.6031746031746031,3.0158730158730163,0.0,0.09215690008080916,0.12368747793861874
R2 시군구 단위 (처음 보는 지역),업종(ftype) 위험률,전체,55069,2175,0.03949590513719153,0.12320453952540218,3.119425649252585,0.7454374881476972,0.24475095785440612,4.895819287353539,0.3891187739463602,3.8911170805251687,0.5685823754789271,2.8428602537905427,0.00015297965185034077,0.11436281607128354,0.1320178846977326
R2 시군구 단위 (처음 보는 지역),업종(ftype) 위험률,공식점검,12064,1356,0.11240053050397876,0.16172077314396124,1.4387901233102864,0.6362539343304282,0.07079646017699115,1.4163988317997038,0.16789577187807278,1.679514587012496,0.3407079646017699,1.7033986261731258,0.00034909939662977727,0.15168298329668398,0.17155265471577627
R2 시군구 단위 (처음 보는 지역),업종(ftype) 위험률,자율점검,43005,819,0.01904429717474712,0.024404571957384453,1.281463512853869,0.572677580097103,0.07570207570207571,1.5142175653803562,0.1505901505901506,1.5060766107277737,0.2673992673992674,1.336996336996337,6.289914711343113e-05,0.0220203443517954,0.027331880399378793
R2 시군구 단위 (처음 보는 지역),로지스틱(balanced),전체,55069,2175,0.03949590513719153,0.12062863020578944,3.054205993932238,0.7122590355293107,0.21777777777777776,4.356267506154901,0.33685823754789274,3.368521206378228,0.4957854406130268,2.478882188952131,0.001763707623446762,0.11239123280820641,0.1345692964557963
R2 시군구 단위 (처음 보는 지역),로지스틱(balanced),공식점검,12064,1356,0.11240053050397876,0.1701384615597801,1.5136802361778667,0.5926940461904809,0.11430678466076698,2.2868939471766048,0.1902654867256637,1.9032859302308516,0.32325467059980334,1.616139389190231,0.002726629793111971,0.15918600555912482,0.1878816776813289
R2 시군구 단위 (처음 보는 지역),로지스틱(balanced),자율점검,43005,819,0.01904429717474712,0.026455816509192178,1.3891726361145418,0.5614968488196573,0.0989010989010989,1.9782519805775618,0.17826617826617827,1.7828690689155806,0.29181929181929184,1.4590964590964592,0.0009927644442116511,0.025271410223194082,0.03276924980595691
R2 시군구 단위 (처음 보는 지역),랜덤포레스트,전체,55069,2175,0.03949590513719153,0.15857054316765282,4.014860341011252,0.7648627291451261,0.27264367816091956,5.453764879274855,0.3967816091954023,3.9677440415437815,0.5825287356321839,2.912590788317481,0.0,0.14695731150463348,0.17252272348175116
R2 시군구 단위 (처음 보는 지역),랜덤포레스트,공식점검,12064,1356,0.11240053050397877,0.2131578266243506,1.8964129943924526,0.6544752813489323,0.1275811209439528,2.5524687281390497,0.2359882005899705,2.3606647196661728,0.40486725663716816,2.0241684973355976,0.0,0.19684725960271635,0.22977982759795312
R2 시군구 단위 (처음 보는 지역),랜덤포레스트,자율점검,43005,819,0.01904429717474712,0.03329822416581655,1.7484616974980962,0.6244646867957919,0.11721611721611722,2.3445949399437773,0.1978021978021978,1.9782519805775622,0.3528693528693529,1.7643467643467643,0.0,0.030197123142203106,0.03936595692054621
R2 시군구 단위 (처음 보는 지역),HGB(튜닝),전체,55069,2175,0.03949590513719153,0.1372677651038213,3.4754935891964753,0.6948681763150389,0.24061302681992336,4.813047139101474,0.34896551724137925,3.4895918047876364,0.5406896551724137,2.7033991847366665,0.004645002168767511,0.11803309109858895,0.14108733173679763
R2 시군구 단위 (처음 보는 지역),HGB(튜닝),공식점검,12064,1356,0.11240053050397876,0.19350247694578585,1.7215441606740125,0.5994349329974668,0.14134709931170106,2.827879612100103,0.22738446411012783,2.2745988184283434,0.35496558505408066,1.7746808197647859,0.006142385407946877,0.16939223357126817,0.2056223366142844
R2 시군구 단위 (처음 보는 지역),HGB(튜닝),자율점검,43005,819,0.01904429717474712,0.0220938998018447,1.1601320646866071,0.5044145786453661,0.08017908017908018,1.6037680665587644,0.1452991452991453,1.4531604054859872,0.2568172568172568,1.2840862840862843,0.0004883591291218883,0.020776848637176427,0.026420430194878476
"R3 (시군구,시설명) 단위 중복 제거",업종(ftype) 위험률,전체,55069,2175,0.03949590513719153,0.1519934051472203,3.8483332542769078,0.7529620101911334,0.2795402298850575,5.5917184596949605,0.4303448275862069,4.303370130805306,0.5734865900383141,2.867380881316499,0.0002325049099842312,0.13981901098052524,0.16252690052449476
"R3 (시군구,시설명) 단위 중복 제거",업종(ftype) 위험률,공식점검,12064,1356,0.11240053050397876,0.20736644882075272,1.8448885240218,0.6788483297943184,0.11946902654867257,2.3901730286619998,0.22517207472959685,2.252467586681473,0.3938053097345133,1.9688633471351713,0.00017072001201337564,0.19283741813939487,0.22317432544512297
"R3 (시군구,시설명) 단위 중복 제거",업종(ftype) 위험률,자율점검,43005,819,0.01904429717474712,0.02467427529145079,1.2956254077031029,0.5753775539960531,0.06796906796906797,1.3595394269812875,0.15343915343915346,1.5345699520118126,0.29914529914529914,1.4957264957264957,0.0002946707316519134,0.021727339681880994,0.027372607062884018
"R3 (시군구,시설명) 단위 중복 제거",로지스틱(balanced),전체,55069,2175,0.03949590513719153,0.25502858646627385,6.457089300281027,0.8548394453911801,0.3705747126436782,7.41270572124036,0.5459003831417625,5.458904702965992,0.7391570881226054,3.695718329927706,0.0018310722865333977,0.23367254026386944,0.2738525824547856
"R3 (시군구,시설명) 단위 중복 제거",로지스틱(balanced),공식점검,12064,1356,0.11240053050397876,0.32301118362126335,2.873751415344337,0.7834075571467349,0.19370698131760078,3.8754245814519668,0.34464110127826947,3.447554101012473,0.5322025565388397,2.660792226309392,0.002107527985988139,0.30582123063946437,0.34657239399388867
"R3 (시군구,시설명) 단위 중복 제거",로지스틱(balanced),자율점검,43005,819,0.01904429717474712,0.11936774402342364,6.267899672438747,0.8016936247273327,0.3540903540903541,7.082630547746828,0.4920634920634921,4.921207087486157,0.6320716320716321,3.160358160358161,0.0020974773700855897,0.10057450625292523,0.13691940772966427
"R3 (시군구,시설명) 단위 중복 제거",랜덤포레스트,전체,55069,2175,0.03949590513719153,0.282798522871203,7.160198554480127,0.8537397805804625,0.3972413793103448,7.946126232198103,0.5760919540229885,5.760814929379326,0.7264367816091954,3.6321179522822566,0.0,0.2656612859533127,0.30049271699589547
"R3 (시군구,시설명) 단위 중복 제거",랜덤포레스트,공식점검,12064,1356,0.11240053050397877,0.372150619203322,3.31093294252867,0.8122823009951483,0.24041297935103245,4.8098543663198265,0.36799410029498525,3.681161547229438,0.5685840707964602,2.8426847203019046,0.0,0.35140230126120364,0.3988234758234388
"R3 (시군구,시설명) 단위 중복 제거",랜덤포레스트,자율점검,43005,819,0.01904429717474712,0.10873648396715155,5.709661163623141,0.7912123657039033,0.32234432234432236,6.447636084845388,0.4444444444444444,4.444961240310078,0.6043956043956044,3.0219780219780223,0.0,0.0953375986529787,0.12681846868464083
"R3 (시군구,시설명) 단위 중복 제거",HGB(튜닝),전체,55069,2175,0.03949590513719153,0.3694846839794525,9.355012442328489,0.868487981529458,0.45517241379310347,9.104936307726993,0.6182375478927203,6.182263214981698,0.7540229885057471,3.77004648211576,0.006475363749197819,0.3425189856360546,0.3867474464611855
"R3 (시군구,시설명) 단위 중복 제거",HGB(튜닝),공식점검,12064,1356,0.11240053050397876,0.4945242366419313,4.399661055197831,0.8475177446612666,0.28490658800393315,5.700021687693947,0.46705998033431656,4.6721489243393,0.6669124877089478,3.3342860554168037,0.007562004245218212,0.46747904771711823,0.5201826237379319
"R3 (시군구,시설명) 단위 중복 제거",HGB(튜닝),자율점검,43005,819,0.01904429717474712,0.11961267133692659,6.280760599321769,0.8098964494332627,0.3455433455433455,6.911670500042594,0.47822547822547823,4.782810858392254,0.6483516483516483,3.2417582417582422,0.004696376542172287,0.09717752921377401,0.13401562822759486
