region,예측대상수,평균점수_A,평균점수_B,A상위10퍼센트비율,위험판정0건지역
서울특별시 강남구,749,0.029735189798176822,0.020070113545432963,0.025367156208277702,False
서울특별시 송파구,525,0.017095616671139582,0.01829622007130949,0.03619047619047619,False
충청남도 천안시,476,0.018128867461565397,0.025028286702519484,0.058823529411764705,False
서울특별시 서초구,454,0.014206047675176291,0.018484662323327752,0.00881057268722467,False
전북특별자치도 전주시,425,0.025029895735687282,0.02180048126296884,0.03294117647058824,False
경상남도 창원시,392,0.0035971802877894045,0.02302087684767062,0.04591836734693878,False
인천광역시 남동구,343,0.020556068287002335,0.0193485240026174,0.029154518950437316,False
경상남도 김해시,338,0.017575339177098328,0.028660943065362775,0.08875739644970414,False
서울특별시 양천구,329,0.0324166691492013,0.019528854609165022,0.13069908814589665,False
전북특별자치도 익산시,323,0.05310154435871557,0.024763603552277854,0.32507739938080493,False
경상북도 포항시,317,0.05540908527135365,0.022429126149537272,0.25236593059936907,False
인천광역시 연수구,273,0.026157715909877734,0.015136839007432996,0.047619047619047616,False
서울특별시 마포구,269,0.01285339556003761,0.022685259932419155,0.022304832713754646,False
전남광주통합특별시 순천시,257,0.026038306121701632,0.025309406575433242,0.12840466926070038,False
경상남도 진주시,251,0.12805548661214933,0.0344298428280665,0.6892430278884463,False
대전광역시 서구,240,0.018187884110137473,0.0166176925087058,0.058333333333333334,False
서울특별시 영등포구,229,0.01736601448406149,0.01828812347554424,0.039301310043668124,False
경상북도 구미시,223,0.03985247293315625,0.027625468411583493,0.20179372197309417,False
서울특별시 강서구,220,0.12264114736481459,0.020140900203261234,0.6090909090909091,False
충청북도 청주시,216,0.011161727220678338,0.01510073679772483,0.009259259259259259,False
경상남도 거제시,210,0.05365585146551832,0.022727768606046996,0.32857142857142857,False
서울특별시 관악구,206,0.003368599411122158,0.01953096042142078,0.0,True
전남광주통합특별시 광산구,195,0.008095221628854054,0.016793132689822583,0.0,False
서울특별시 은평구,191,0.016411009729324952,0.021451008276040934,0.06806282722513089,False
서울특별시 중구,189,0.02015007132679241,0.02582328009107608,0.031746031746031744,False
충청남도 아산시,179,0.0082562817696409,0.016914236317719957,0.00558659217877095,False
서울특별시 금천구,172,0.055836114319694985,0.019467469596691822,0.4127906976744186,False
대구광역시 달서구,171,0.011298707839842414,0.022156547313169662,0.05263157894736842,False
서울특별시 성동구,170,0.012872320070252918,0.022231677856098555,0.029411764705882353,False
경기도 용인시,166,0.043754276029735285,0.022355771277443415,0.15060240963855423,False
서울특별시 강동구,165,0.13381106963414244,0.02014594372228866,0.9393939393939394,False
서울특별시 광진구,163,0.0401128416072271,0.020801324607209577,0.07975460122699386,False
대구광역시 수성구,160,0.0035920078060751614,0.014401308194514888,0.0,False
서울특별시 구로구,160,0.14534234500291837,0.02670176151258582,0.5,False
서울특별시 성북구,160,0.010753415222831329,0.021759045330632165,0.0125,False
부산광역시 부산진구,155,0.009662007696294174,0.019458813678851033,0.03870967741935484,False
서울특별시 서대문구,153,0.011920336222505873,0.0195634961181652,0.026143790849673203,False
서울특별시 노원구,153,0.02061534939186232,0.020495699168238075,0.058823529411764705,False
제주특별자치도 제주시,149,0.00774336243612171,0.020051524532076388,0.03355704697986577,False
인천광역시 미추홀구,145,0.011751819708689427,0.019160923322650125,0.006896551724137931,True
대전광역시 대덕구,138,0.2287848946030111,0.027936051361912132,1.0,False
대전광역시 유성구,137,0.0054108156674866825,0.01687864027152639,0.0,True
서울특별시 동작구,136,0.06691279943895787,0.0222237741819742,0.4264705882352941,False
전남광주통합특별시 북구,128,0.10341920528836475,0.026282292686096654,0.515625,False
전남광주통합특별시 남구,126,0.044419680281009365,0.018464523946913117,0.20634920634920634,False
부산광역시 남구,123,0.008671234079403782,0.018704917344502057,0.0,True
서울특별시 도봉구,119,0.011849134963096105,0.021526757214473696,0.01680672268907563,False
서울특별시 동대문구,117,0.015871839316133625,0.01810269308515559,0.008547008547008548,False
강원특별자치도 원주시,116,0.0036222256681500207,0.020401383166635246,0.008620689655172414,False
부산광역시 사하구,112,0.032787135069327226,0.020493011581013833,0.15178571428571427,False
경기도 화성시,111,0.004091739902569175,0.01905909797333412,0.06306306306306306,False
서울특별시 강북구,111,0.02698698473934267,0.027075862010167796,0.10810810810810811,False
경기도 성남시,111,0.001884999114821225,0.012866953802891271,0.02702702702702703,True
충청남도 당진시,109,0.05684341271085276,0.030750354870545105,0.3853211009174312,False
경기도 고양시,103,0.013495560849130851,0.019109070017749957,0.02912621359223301,False
부산광역시 수영구,99,0.031742957561082925,0.0155174254412719,0.13131313131313133,False
인천광역시 서해구,98,0.011711057593977956,0.018862194918024076,0.01020408163265306,False
부산광역시 해운대구,95,0.008570549370487205,0.017520814866210228,0.08421052631578947,False
세종특별자치시 세종시,94,0.013855779056320681,0.01637700126229105,0.02127659574468085,False
울산광역시 남구,92,0.013123709181775092,0.018308651993907098,0.03260869565217391,False
경상남도 양산시,90,0.007857035168720381,0.022269823218100004,0.044444444444444446,False
경기도 수원시,88,0.004845060538838921,0.017825429703778713,0.045454545454545456,False
경상북도 경주시,86,0.020498154937732705,0.02054793604828341,0.03488372093023256,False
전남광주통합특별시 목포시,85,0.021769833647714634,0.03120675686672512,0.12941176470588237,False
인천광역시 검단구,85,0.0034788070721096026,0.012929136895843792,0.0,True
서울특별시 종로구,83,0.004586214717008526,0.027471288593808235,0.012048192771084338,True
서울특별시 용산구,81,0.11661224136606718,0.039385197618026495,0.9753086419753086,False
대전광역시 동구,81,0.0480519499579562,0.02157227021742302,0.13580246913580246,False
전남광주통합특별시 나주시,79,0.003082900727498275,0.028787409290526235,0.0759493670886076,False
부산광역시 북구,78,0.012177166553418843,0.018325569419710273,0.0,False
부산광역시 금정구,78,0.007634594193540951,0.01679256825885544,0.038461538461538464,False
강원특별자치도 춘천시,78,0.0040297182888505085,0.023811034986502562,0.05128205128205128,True
경기도 평택시,77,0.002033477776898512,0.01410761956178001,0.03896103896103896,True
인천광역시 부평구,75,0.0018952031288176996,0.017419609941926272,0.013333333333333334,True
경상북도 경산시,69,0.01171464331908425,0.01760254627585802,0.0,False
충청북도 충주시,68,0.01726792425313595,0.015341056454625912,0.0,False
충청남도 서산시,67,0.002139828431650545,0.015504413037185989,0.04477611940298507,True
부산광역시 연제구,66,0.024694308851329155,0.015798309334456192,0.0,False
부산광역시 강서구,64,0.01195975178114163,0.01692652678084079,0.0,True
경기도 시흥시,62,0.001847715148490202,0.02319104626409084,0.04838709677419355,True
전남광주통합특별시 서구,61,0.018864714617437713,0.01744895186074457,0.06557377049180328,False
울산광역시 울주군,61,0.05932519756891015,0.01761217417136928,0.6557377049180327,False
인천광역시 영종구,61,0.013189349922387746,0.01531387747097585,0.01639344262295082,False
강원특별자치도 태백시,60,0.09674580971617067,0.04145330191858085,0.65,False
강원특별자치도 강릉시,58,0.0843061970531,0.03762368549413415,0.15517241379310345,False
충청북도 음성군,58,0.01209737552498088,0.025363798793055253,0.05172413793103448,False
울산광역시 북구,57,0.027638703375383603,0.015715505075869402,0.15789473684210525,False
대구광역시 북구,56,0.008833892621049166,0.013446264705077775,0.0,False
인천광역시 계양구,55,0.018616170343609795,0.020674712793795694,0.03636363636363636,False
경기도 하남시,55,0.005955316501340169,0.021646130241235375,0.09090909090909091,False
경기도 남양주시,55,0.00605394309954161,0.020330427665224037,0.05454545454545454,False
경기도 파주시,53,0.00591219813473307,0.023092645573744634,0.16981132075471697,True
대전광역시 중구,53,0.008481897986924019,0.0261268186680458,0.05660377358490566,False
제주특별자치도 서귀포시,52,0.047532096432766915,0.02320144798030879,0.25,False
대구광역시 달성군,52,0.01397117570635548,0.02569255182344547,0.07692307692307693,False
경상북도 칠곡군,50,0.04520082890542859,0.01959001623268086,0.26,False
전남광주통합특별시 동구,49,0.04557023471623075,0.016821335501764702,0.2857142857142857,False
경기도 김포시,49,0.16837871089696857,0.027607275937150247,0.6938775510204082,False
대구광역시 중구,45,0.010503486018558243,0.017122478022145286,0.0,False
전북특별자치도 정읍시,43,0.04676530191399014,0.018725084130762484,0.3023255813953488,False
전북특별자치도 군산시,41,0.025615239298539615,0.02077603245977753,0.0975609756097561,False
서울특별시 중랑구,40,0.008697188676824147,0.016502323931661178,0.0,False
울산광역시 중구,38,0.006454687862943743,0.020105623273729552,0.02631578947368421,False
대구광역시 서구,37,0.04403142381710123,0.04733303580750561,0.2702702702702703,False
경기도 안산시,37,0.02093801681109765,0.026985385249941967,0.10810810810810811,True
서울특별시 서울특별시,37,0.06935809160204587,0.06787400851864815,1.0,False
제주특별자치도 제주특별자치도,35,0.22481866147754972,0.03341895281178681,1.0,False
경기도 의정부시,35,0.002955727204027046,0.01849059279088583,0.05714285714285714,True
강원특별자치도 속초시,35,0.004507272978858624,0.020116073317878683,0.05714285714285714,False
경기도 양주시,34,0.004698238498103754,0.022350243547201793,0.029411764705882353,False
울산광역시 동구,31,0.02899891266918498,0.022931589079162956,0.12903225806451613,False
경기도 부천시,31,0.03477073234724097,0.021333501136249024,0.12903225806451613,False
전남광주통합특별시 광양시,30,0.024568194916807652,0.02231359254893475,0.0,False
강원특별자치도 홍천군,30,0.24276790419989122,0.06591944980965607,0.5,False
경기도 광주시,30,0.0018343528059681549,0.012274408002435892,0.0,True
경기도 안양시,29,0.01549187830816613,0.01972008133671513,0.034482758620689655,False
경상남도 통영시,28,0.010816844751079576,0.0235015042240582,0.14285714285714285,False
충청남도 논산시,28,0.018441157380389785,0.016904405794330456,0.03571428571428571,False
대구광역시 동구,27,0.012901976687727646,0.04727758374817234,0.07407407407407407,False
강원특별자치도 평창군,27,0.014885969883169013,0.03176357236441658,0.2222222222222222,False
경상북도 김천시,26,0.01701996781046244,0.016889297978771353,0.038461538461538464,False
전북특별자치도 김제시,24,0.05689456851294253,0.023711482942404546,0.375,False
부산광역시 영도구,24,0.022757340863133507,0.02152628115087171,0.0,False
전북특별자치도 남원시,24,0.028171396936587278,0.03788012578924909,0.08333333333333333,False
경상남도 경상남도,24,0.409448235060306,0.2550752742164066,1.0,False
경기도 오산시,23,0.0019621666669416317,0.014584461774415304,0.0,True
미상 미상,23,0.6566038028775695,0.11907893807983527,1.0,False
경기도 이천시,22,0.01050880525480048,0.017323040166591905,0.045454545454545456,True
부산광역시 서구,22,0.012029946880556962,0.015751012733401685,0.0,False
전남광주통합특별시 여수시,20,0.0071215503052412974,0.01710097327648097,0.05,False
전북특별자치도 부안군,20,0.005995050637723181,0.028128403941613506,0.35,False
인천광역시 제물포구,20,0.011200139083824012,0.025506021584227507,0.1,False
경상북도 영천시,20,0.016400443833240096,0.025313232859934247,0.05,False
부산광역시 사상구,20,0.0022722983024257787,0.025081400252612757,0.15,False
부산광역시 기장군,19,0.0031406185038567107,0.013505402137075172,0.21052631578947367,True
경상북도 영주시,19,0.006948229660512929,0.016971520594282714,0.2631578947368421,False
부산광역시 동래구,18,0.0062707296262593075,0.044519954344178485,0.05555555555555555,False
강원특별자치도 동해시,18,0.002455004058125624,0.01779090311806618,0.0,False
강원특별자치도 영월군,18,0.06074461326054464,0.03019880381841749,0.5555555555555556,False
강원특별자치도 횡성군,17,0.010725078754727993,0.018711554543365483,0.0,False
강원특별자치도 화천군,17,0.004140319629384707,0.02583689196210573,0.0,False
대구광역시 남구,16,0.01152996976837179,0.021320851264478496,0.0,False
경상북도 문경시,16,0.013452749108759978,0.01191763765009176,0.0,False
부산광역시 중구,16,0.008828086974964525,0.017722584144280816,0.0,False
충청북도 제천시,15,0.3569632923470108,0.0223121951401073,1.0,False
경상북도 예천군,15,0.003483677359705903,0.012864920178111328,0.0,False
충청남도 계룡시,14,0.0035725846639740747,0.01826434295930595,0.0,False
경기도 여주시,12,0.0020691349671041956,0.017237741647741334,0.08333333333333333,True
경상남도 사천시,12,0.043759321114595136,0.0694018338297616,0.5,True
경기도 광명시,12,0.002197916438471604,0.028611172554030253,0.0,True
충청남도 부여군,12,0.02564397883244871,0.01623339394131704,0.0,False
충청남도 예산군,12,0.020903762073872983,0.013041784570060602,0.08333333333333333,False
경기도 의왕시,11,0.004298409306705817,0.017076212165703597,0.09090909090909091,True
경상남도 고성군,10,0.003992366473211642,0.030949458903237026,0.1,False
충청북도 진천군,10,0.014774776743792429,0.017168545196923762,0.1,False
전북특별자치도 진안군,9,0.01079222672567318,0.02113655790222098,0.1111111111111111,False
전남광주통합특별시 무안군,9,0.004439073368591628,0.01579642755227906,0.0,True
경상북도 의성군,9,0.0085789214673615,0.033826185082314976,0.4444444444444444,False
경기도 군포시,9,0.0033574888628993935,0.01827532443337327,0.0,False
경기도 안성시,9,0.0018631495278967124,0.013494436288883947,0.0,True
경기도 동두천시,9,0.003544581819414888,0.011613666267502855,0.0,False
경기도 양평군,8,0.004222879314089458,0.05435344616448606,0.125,True
경상북도 울진군,8,0.007062243571491942,0.025092049371695166,0.125,False
전남광주통합특별시 영암군,8,0.007458379295639013,0.022261291907524728,0.0,False
전북특별자치도 고창군,8,0.009342434731870861,0.07715321336625151,1.0,False
충청남도 홍성군,8,0.01862791015780765,0.034609672086299455,0.125,False
경기도 포천시,8,0.005647675959929622,0.053611596988611857,0.5,True
경상북도 고령군,7,0.0072251859873919706,0.10903459517235785,0.7142857142857143,False
강원특별자치도 삼척시,7,0.0026394939695076384,0.01743368204639682,0.0,False
경상남도 거창군,7,0.017829668773744083,0.014648447475830153,0.0,False
충청남도 보령시,7,0.0024113732066830375,0.023400478646737635,0.14285714285714285,True
경상북도 안동시,7,0.004831659724279834,0.013309927761011408,0.0,False
경상남도 합천군,7,0.018751284870972974,0.040123220533629975,0.42857142857142855,False
부산광역시 동구,7,0.00724980154994731,0.021574787943275102,0.0,False
전남광주통합특별시 영광군,7,0.004374133083640405,0.013150269434879748,0.0,False
전남광주통합특별시 장성군,6,0.02953234596877169,0.014872700919259756,0.0,False
전남광주통합특별시 곡성군,6,0.03403854820058944,0.06973443187810649,0.6666666666666666,False
경상남도 남해군,6,0.004706806816235511,0.02575184130858067,0.0,False
경상북도 상주시,6,0.003603596875888773,0.01988123809922342,0.0,False
전남광주통합특별시 담양군,6,0.004317848835399081,0.03466552000823921,0.16666666666666666,False
충청남도 공주시,6,0.03657067364580104,0.04223539573159349,0.3333333333333333,False
강원특별자치도 철원군,6,0.0028638144449029622,0.023620586585930834,0.0,False
인천광역시 강화군,5,0.015609464420504787,0.053377490803339776,0.4,False
충청북도 영동군,5,0.09106509805043403,0.017751424597150352,0.8,False
전북특별자치도 순창군,5,0.003770284517998675,0.030872468319490153,0.6,False
경상남도 의령군,5,0.1369727247509015,0.11995738922898916,1.0,False
경상남도 밀양시,5,0.003747801355833433,0.04606122887503698,0.2,False
경기도 과천시,5,0.002664387219687511,0.014680757433155733,0.0,False
강원특별자치도 인제군,5,0.029387078260988263,0.03749232630634997,0.2,False
전북특별자치도 완주군,5,0.007680850012442913,0.012895095062966022,0.0,False
전남광주통합특별시 완도군,4,0.23572363674384045,0.1258777155526328,0.75,False
강원특별자치도 양양군,4,0.012995443634589121,0.08892969855325503,0.75,False
강원특별자치도 강원특별자치도,3,0.05332995438725217,0.11551257168853281,1.0,False
강원특별자치도 양구군,3,0.011800050060683659,0.02542980562941047,0.3333333333333333,False
경상북도 청도군,3,0.0053815337665512305,0.04449887851110657,0.3333333333333333,False
경상북도 청송군,3,0.0050056343863683385,0.03876774926237064,1.0,False
경상북도 영덕군,3,0.010868581065154023,0.043678338896814835,0.6666666666666666,False
경기도 가평군,3,0.0025937246495647995,0.017241372905584154,0.3333333333333333,False
대구광역시 군위군,3,0.005350121416610988,0.05395804511720186,0.6666666666666666,False
경상북도 영양군,3,0.007521596082024236,0.044142241305989795,0.3333333333333333,False
경상북도 울릉군,3,0.011965111270333971,0.01841457147411145,0.0,False
충청북도 충청북도,3,0.0051217656698234705,0.20621562208601862,1.0,False
충청북도 옥천군,3,0.005167063630929191,0.021289872242202603,0.0,False
인천광역시 옹진군,3,0.07405739500183348,0.019414908934230715,0.6666666666666666,False
전남광주통합특별시 고흥군,3,0.005104183045902576,0.01751450462365334,0.0,False
충청북도 증평군,3,0.003377187289678212,0.015015422303419618,0.0,False
전남광주통합특별시 구례군,3,0.0032316356272618332,0.01378352754289098,0.0,False
전남광주통합특별시 화순군,3,0.03650806626039716,0.014528540883088283,0.3333333333333333,False
충청남도 금산군,3,0.15910348295862056,0.04865465349161404,1.0,False
경상남도 산청군,2,0.008571482943778744,0.2230021301257338,0.5,False
전북특별자치도 임실군,2,0.010834117907321708,0.05958592511821485,1.0,False
충청북도 괴산군,2,0.012253506943333468,0.044592003154394155,0.5,False
충청남도 청양군,2,0.07187607722096948,0.07383329853025938,1.0,False
경상남도 함안군,2,0.0032061340290015523,0.019369292921266764,0.5,False
대구광역시 대구광역시,2,0.014322660352422632,0.17705196984834864,1.0,False
경상남도 함양군,2,0.009727177666587343,0.0530168980359265,0.5,False
경상남도 창녕군,2,0.03567890061762309,0.2194602227287529,0.5,False
전남광주통합특별시 신안군,2,0.003834984042385048,0.030668494847048026,1.0,False
전북특별자치도 장수군,2,0.005416704617212418,0.0174315582809548,0.5,False
경기도 만세구,1,0.663256471093144,0.06705455229496486,1.0,False
경기도 연천군,1,0.053001651830629146,0.1794716411922572,1.0,False
경상남도 하동군,1,0.08482195652583091,0.031724805461130455,1.0,False
경기도 구리시,1,0.0018375510535995848,0.009141539582551999,0.0,True
인천광역시 인천광역시,1,0.052756036915453754,0.11537641597716956,1.0,False
울산광역시 울산광역시,1,0.541256354589386,0.38170506492985273,1.0,False
전북특별자치도 무주군,1,0.20169991824656688,0.3252692962635584,1.0,False
전남광주통합특별시 해남군,1,0.003909757797057065,0.08034348648583009,1.0,False
전남광주통합특별시 장흥군,1,0.11191104372345785,0.05355664878836567,1.0,False
전남광주통합특별시 전남광주통합특별시 ,1,0.04821496076473353,0.16321197542991364,1.0,False
전남광주통합특별시 보성군,1,0.008018682145089917,0.010757255838607448,0.0,False
충청남도 서천군,1,0.036955701843568736,0.004291796744175902,0.0,False
충청북도 보은군,1,0.12663507622973544,0.05515187564360039,1.0,False
충청남도 충청남도,1,0.006107608844993615,0.2596510591009586,1.0,False
